Price,CAT,CHRW,ARE,CDW,AMD,ACGL,CCL,ADBE,AXON,AAPL,BAC,AON,ALL,ANSS,APTV
Ticker,CAT,CHRW,ARE,CDW,AMD,ACGL,CCL,ADBE,AXON,AAPL,BAC,AON,ALL,ANSS,APTV
Date,,,,,,,,,,,,,,,
2010-02-28,0.09207518579251617,-0.05827278803221103,0.031642168002862237,,0.060321689941561285,0.03410685609978348,0.08214004479031378,0.07275549053642094,0.3404255535010037,0.06539638256298863,0.09749665894231385,0.05244200543845223,0.04410311293950131,0.04777830795122884,
2010-03-31,0.10166481498043844,0.05219637224655571,0.10267256176043671,,0.17193434090855386,0.030683955429885668,0.08120165417229042,0.020779145001425636,-0.22354498280579438,0.14847021103565483,0.07207974951464347,0.04323400377164455,0.040449270392675984,-0.015275922807088338,
2010-04-30,0.09013118024202016,0.08003572904687739,0.04748537226668792,,-0.02157505426787243,-0.008786912864692464,0.07253052612235389,-0.05004242327437791,-0.19080066565493792,0.11102182394662874,-0.001120153559542314,-0.0024107482124365864,0.011142004291973207,0.04098172063078254,
2010-05-31,-0.10765170897708254,-0.036637673709294494,-0.07385990484637861,,-0.055126793475563596,-0.027255866390153982,-0.12884670716004942,-0.04523799738375334,-0.058947412591231485,-0.0161251462438321,-0.11721816565177556,-0.07041976730489863,-0.056158574409201356,-0.027357641621063133,
2010-06-30,-0.01135574862860489,-0.03794819967770102,-0.02867215104678833,,-0.14585759249417107,0.013329650142953842,-0.16533299092633147,-0.1761222320258562,-0.12751671623675398,-0.02082709049653242,-0.08644801016006654,-0.059538806900281016,-0.062030689544437134,-0.07226160257239533,
2010-07-31,0.16887786399557125,0.17139782173656082,0.11330310012755085,,0.02322398845220297,0.05046982656471943,0.14682566966410282,0.08664392666428622,0.0512820011216677,0.022740892540109137,-0.022964399713743755,0.018987907607971533,-0.017055550645540096,0.10796157508164872,
2010-08-31,-0.06580667458217782,-0.003220822155068026,-0.016725783854592446,,-0.25100129439965246,0.019677988375416344,-0.09819908393370469,-0.03551527071035654,-0.11463409783512435,-0.05500447113203344,-0.11253530334180317,-0.0379615975474783,-0.01547876993409758,-0.1372636680515842,
2010-09-30,0.20748956531013363,0.08001227877070916,0.014140693990264186,,0.2673796727809201,0.05012533284378806,0.22482382905315235,-0.05595671847355921,0.0688705212447367,0.1672154996822499,0.05220842372143375,0.0791944557381663,0.14311524866444336,0.08947914723905614,
2010-10-31,0.004485688559147771,0.008009375457128876,0.049713949861218465,,0.03234880657587258,0.03090701108680416,0.13040016662121334,0.07648183667975172,0.023195853483184647,0.06072188339861628,-0.12595402935272115,0.020108072299358515,-0.03359732890884015,0.07100591715976323,
2010-11-30,0.0763356787795173,0.04582860097470154,-0.0915892595923622,,-0.006812014944881817,0.04525976572234036,-0.04076356125941838,-0.012433406259775959,0.015113395658872042,0.0337896579865693,-0.04366822975638218,0.009307711556931775,-0.038810023862521636,0.07182320441988943,
2010-12-31,0.10709271912714602,0.09603284914181476,0.10429262651875004,,0.1220850957448465,-0.024917009275169377,0.11619407604069143,0.10719429968948635,0.16625299369119628,0.03667037736022016,0.21937885627323617,0.1468094229716268,0.09515627585483233,0.07360824113039621,
2011-01-31,0.04063797272676317,-0.038658822780412994,0.05159743292627694,,-0.04278733110171995,0.0022715863492412947,-0.03036203035785856,0.07374913904403901,-0.10851058994498519,0.051959533987122164,0.029234912675198732,-0.002608987272306851,-0.023211719085443283,0.0072978888101089545,
2011-02-28,0.061024639359880783,-0.06096727998987761,0.0410171779100863,,0.1762452270609658,0.02549571362059755,-0.0405071695262611,0.04387294391563845,-0.0978520477879593,0.04093463317104051,0.04078708988281621,0.1508527462179925,0.02055233644397525,0.07378453528296736,
2011-03-31,0.08180341308302563,0.028244004623259045,-0.02200869408150763,,-0.06623231858313616,0.09602197742574314,-0.101007712394099,-0.0388405841329823,0.07407406706588526,-0.013306397961328709,-0.0665100882956452,0.006078779830635428,0.006605936174491678,-0.03781962144277107,
2011-04-30,0.040777658519359106,0.08161311189567777,0.05361044924045655,,0.05813953230482882,0.04849289728158035,-0.007560168625329711,0.01176113966957315,0.09852219236574311,0.004647924387822577,-0.07876968784101646,-0.01210543898373917,0.06482041279349726,0.020298990896748137,
2011-05-31,-0.08326817660806873,0.0004986634303969506,0.004747493490723231,,-0.04615385260303817,-0.027019276818572413,0.02579074228706335,0.03219081536853441,0.01569510561942966,-0.006568676264291917,-0.043159367745800314,-0.0003836264370969955,-0.06642122220824753,0.03761978625276674,
2011-06-30,0.006237929871171444,-0.013636407359594926,-0.05649562252950613,,-0.19470051551149026,-0.053661407124395044,-0.030404971562485228,-0.09182790086898651,0.004415006622562556,-0.03495952003307601,-0.06643942821506743,-0.01629898935959151,-0.027087292797722262,-0.04706293904842418,
2011-07-31,-0.06812581941856921,-0.08282640811058983,0.05915781345172633,,0.05007158697141678,0.05889727346446616,-0.11506758690754448,-0.11891896940346025,-0.09670330522544335,0.16328537670608867,-0.11405113891011909,-0.05916210835597002,-0.09204106022663305,-0.07444667699177165,
2011-08-31,-0.07885460345331008,-0.02104792924285881,-0.11207318562109814,,-0.06948231856671327,-0.0035502445549949746,-1.2622450922372686e-05,-0.08913747365435898,0.0827249792471425,-0.014469520311338524,-0.15756207555354762,-0.028885745974389754,-0.045553691867716295,0.06679844209568309,
2011-09-30,-0.18857111706020913,-0.028794405646428656,-0.1503968534245015,,-0.25622255044630005,-0.029691287048560278,-0.08265210057515526,-0.042393015234833964,-0.03146064550252525,-0.009120949171624981,-0.25091819546903893,-0.10164803865721184,-0.09683560715331418,-0.09151535140054445,
2011-10-31,0.28633365098257935,0.014020916169943831,0.076559769958078,,0.14763779749288775,0.10067313119848431,0.1620460176736016,0.21679767292419583,0.15313221720983883,0.0615231161916685,0.11601309326923892,0.1138087553942646,0.1118617242635882,0.10848286287734887,
2011-11-30,0.036205920446351625,-0.013250984222748952,-0.00801951923414268,,-0.024013699539913502,0.05004173532285505,-0.04968670442659506,-0.06766405241220264,0.2112676529296944,-0.05578320149145821,-0.2019426222732853,-0.013942311377664218,0.025805250491130582,0.13999265130439342,
2011-12-31,-0.07437691912953581,0.023602636914149322,0.05944381653546582,,-0.05096660086760896,-0.014297054452773739,-0.016867623219313344,0.030999284431242558,-0.1495016774450083,0.05965473690773937,0.022058951669039706,0.018055327235919183,0.02314296495683732,-0.07568181941296137,0.033589886568478056
2012-01-31,0.20979853080707755,-0.013471012317920361,0.049876630587544435,,0.24259257771187226,-0.03169483069941126,-0.07475474719712694,0.0948001507527314,-0.07031243451638003,0.12711067939316512,0.2823740166262021,0.038063414097669,0.05253587454945774,0.05604055460158519,0.24558915922745905
2012-02-29,0.046646051146124856,-0.034023491674478934,-0.00994317503743869,,0.09538000936619029,0.02773923981180948,0.011203876785485178,0.0626816988331711,-0.153361341170559,0.18831091879664408,0.11919037238832741,-0.033450246840662,0.0894280661857556,0.04447013642035613,0.19269493884421673
2012-03-31,-0.0673321978003425,-0.010276417848694486,0.027002347049516873,,0.09115653902373722,0.005128124336631901,0.05909512211936696,0.04317427819988029,0.0769230587197125,0.1052835070970104,0.2007521954288456,0.048066744920108206,0.05478990811236972,0.029123082130467992,-0.01250016437755841
2012-04-30,-0.03112355483881546,-0.08779973393371243,0.024477168801162463,,-0.08229430007206062,0.054779828268133546,0.012780832869492942,-0.02215103776772509,0.05990777486255228,-0.02596968897391072,-0.15255968246925766,0.059069454777213704,0.0124547679189011,0.03152880894490817,-0.028797327841719178
2012-05-31,-0.14741692209948598,-0.019449511330430158,-0.08622531819082813,,-0.1739130688299524,-0.02673114047917835,-0.004541908464532729,-0.07451564998065363,0.16956526651725068,-0.010702021203475187,-0.09249149434206883,-0.10231683896197374,0.024884751670046334,-0.07738181974540093,-0.05408943253940113
2012-06-30,-0.03092819588699447,0.004634515714916132,0.07007633616336273,,-0.05756577451060663,0.038189891236134255,0.06793404920785262,0.04251206851073608,-0.026022368093815973,0.010852570305180498,0.11292494307175382,0.006021792951405924,0.033883124249360685,0.019877173901183154,-0.12159842823333733
2012-07-31,-0.0019084179245556498,-0.09704404733992855,0.010450904673762418,,-0.2914485289240848,-0.022423771321697372,-0.0288882061297705,-0.046030269394000456,0.0324427640686078,0.04582196318198117,-0.1026894534896503,0.05511151011159754,-0.022513459330649077,-0.0499128742737206,0.11333355141003687
2012-08-31,0.013300451471090158,0.07114472586205944,0.005715723660440375,,-0.0837438224042294,0.028608242646050108,0.04965132888516033,0.012629576023194033,-0.01109056274895126,0.09387721301615248,0.08855579759850829,0.05609763396092671,0.09329452116610448,0.1624415946045572,0.06692493811667899
2012-09-30,0.008320254394927007,0.04086462534525692,0.00205444582373282,,-0.09408605923637736,0.04334759282819589,0.050461481513546236,0.037415994621606385,0.1289719756112495,0.0027955511764785612,0.10651432378930115,0.006351327973213694,0.062499800121526006,0.05308471649409485,0.023440172294440398
2012-10-31,-0.008343314907612087,0.029532504565422668,-0.04202944042964496,,-0.3916913881508367,0.057877029836337135,0.0395277469782529,0.049013570280449725,0.2930463563088319,-0.10760009316492258,0.05549231725247794,0.03478255700096189,0.009340832336135474,-0.04291555123153912,0.014193526518805344
2012-11-30,0.005070604537630086,0.023710941018632914,-0.03563814718635727,,0.07317077992999343,0.023836461302531697,0.027578810577635116,0.01704383931413922,0.05761847495508965,-0.012374385343547734,0.05794014501446809,0.05282687744020498,0.018047859528121935,-0.05580068567893681,0.08110689101088031
2012-12-31,0.05732238763816655,0.0297931562392324,0.028946416275192455,,0.09090911061310525,-0.023946708032301922,-0.036131316329832464,0.08870267670281429,0.08232437441391172,-0.0907429125414082,0.17867480468691177,-0.020950913391856507,-0.0076584302048838815,0.015226812587890937,0.1253308068720802
2013-01-31,0.09798070377798718,0.046346233426660666,0.04587387243371821,,0.08333325054910778,0.05452063736169843,0.053032347239348354,0.003980932183227814,-0.06375835811837705,-0.14408947478393908,-0.024979147841801663,0.04115715617398763,0.09285590590383763,0.09296112973959447,0.010719217548676108
2013-02-28,-0.06118525734697189,-0.1325965533162511,-0.01875835335313425,,-0.04230765351176824,0.05816455686357069,-0.06981854634490936,0.03912237564369869,-0.10752689458457687,-0.025285606281962414,-0.007057921947082324,0.05801889412259276,0.05410099635948162,0.029891367163686455,0.0825142196436186
2013-03-31,-0.05846099375875646,0.042791660671474,0.006202957361654882,,0.0240963624697752,0.0702361115092569,-0.041095806092564136,0.10709740364784426,0.06425703247056869,0.002854361954519158,0.08459455199150367,0.006711391945528611,0.06627540433673396,0.07414241280900802,0.065139407907294
2013-04-30,-0.020191701164147702,-0.0011772264200805571,0.025218021673346636,,0.10588234744132441,0.009321024651093968,0.006122191995076687,0.035845619413653385,0.10817617999805429,0.0002709090076609133,0.010673245920374441,-0.015779612452835434,0.0038721267950052596,-0.006877887143055039,0.0407662973077596
2013-05-31,0.013345918166580928,-0.04529359626322316,-0.058677545654463925,,0.41843974989044996,-0.03486620046239375,-0.03371269095226004,-0.04813668801024118,0.07718493974045115,0.0224195482391063,0.10966710966258275,0.05501211950650453,-0.01566575623879818,-0.07865447146110172,0.06023455565361857
2013-06-30,-0.03857817038576172,-0.0006876895340811595,-0.030606252050441207,,0.019999980926513672,0.0039054504040936244,0.03595176247158616,0.06175720194132617,-0.10221278574806558,-0.11829330874208321,-0.057859867151453526,0.010680035108023844,-0.002487376919326878,-0.018791966790320913,0.03851700841022554
2013-07-31,0.012098409185213876,0.058781637578469326,0.04230085930628591,0.15467242026283778,-0.07598037955303527,0.05368615798358367,0.07990651122812453,0.03775235632486584,0.04225347856046224,0.14122536421652443,0.13530312624287855,0.05171769510645796,0.05943438910809551,0.09220243508152226,0.059774911843250456
2013-08-31,-0.004462855334768423,-0.04612548107195158,-0.09970805268319816,0.01999985765867973,-0.13262599536595232,-0.01587603987355779,-0.018599642047254616,-0.032360381108276104,0.3108108325802206,0.0837669601556017,-0.0328768279387307,-0.0165925345200042,-0.05508344440812529,0.051853797707129834,0.02727434880850188
2013-09-30,0.010419206489523658,0.054251133619672265,0.04622896706154522,0.04103949274436536,0.16513760397638455,0.015381743079096122,-0.09559426168548002,0.13530051643079744,0.27835048759055914,-0.021489302064841675,-0.021976241470234692,0.12142174612139445,0.054883134265580225,0.030245215344149035,0.06179560014001706
2013-10-31,0.006520665578360507,0.0025174208584712865,0.030227194559271142,-0.03679362651618179,-0.12335958941441516,0.07075554549610197,0.06158077020014541,0.04389685510737973,0.194892510073986,0.09638137749964915,0.012318722955793504,0.06480455052257539,0.04965369286697063,0.010748963722368776,-0.02088333064581971
2013-11-30,0.014875423179345981,-0.018246136394313606,-0.03830944787936863,0.016168957362066028,0.08982041869587176,0.01501046057141675,0.0495037754908938,0.04721500370634901,-0.03318335938147843,0.07005262180954785,0.13242652105148167,0.03224215031687416,0.027513266013656112,-0.02035447503046084,0.026765327979641818
2013-12-31,0.07340372268908024,0.001017792527552075,0.01649485004257034,0.047534242889206046,0.06318675110614103,0.014618376259223353,0.11243403988980738,0.054596730459048226,-0.0762071191924204,0.008902020248886311,-0.015168833509241697,0.02755979872649217,0.004975590743257152,0.01785921340023422,0.02698545630225646
2014-01-31,0.040895766271281664,0.003256253751166671,0.10232558379298795,0.01327043794111682,-0.11369504698016675,-0.09850899925378387,-0.02439606823817364,-0.011523086658287718,0.011334971675332595,-0.10769684347403774,0.07578684166171334,-0.038772591076445484,-0.06123989048007139,-0.09942658798590798,0.01263933578710641
2014-02-28,0.032584379109901196,-0.11410999984259118,0.03308192185707015,0.10754231899381228,0.08163264313125462,0.04292877727367772,0.018396181600940142,0.1594863802285893,0.19738481828821985,0.05751128002809769,-0.01313456747304631,0.06388289505823797,0.0653052033020074,0.06354256897155408,0.09756404681164077
2014-03-31,0.024750001761532303,0.01704175842625033,0.0114255846970015,0.04852889707193819,0.0808625842722912,0.02530294252404719,-0.045385847082573094,-0.04210985728262584,-0.04888188502783852,0.019952699738262636,0.04115477567843895,-0.015420819034200561,0.04275684398895496,-0.0778256736261449,0.019378279910594376
2014-04-30,0.06692782274910924,0.12426017453898353,0.017365099194719402,0.027332566794688207,0.019950104523650314,-0.0038234331061828275,0.03829899954459104,-0.06160631835512387,-0.11700389228413377,0.09939630839005353,-0.11976753834858944,0.010116523281508805,0.006539594965868423,-0.00921837335001463,-0.015030876389682701
2014-05-31,-0.03007590902152224,0.016298748681537356,0.030750288564628914,0.04479320040128809,-0.022004926462152907,-0.006803823032573431,0.024855101450138806,0.04619877374392489,-0.17832812562188127,0.0787094476361554,0.0,0.05961384019707294,0.027925923752639248,-0.03747871447847373,0.037092472608252214
2014-06-30,0.06299526041534431,0.07193570311064579,0.029985423727656224,0.0839849544804363,0.047500014305114746,0.008958306225627544,-0.059455143901482876,0.12116516244025721,0.002260718307182774,0.02766176159130662,0.015844753747908724,0.0016674513126833101,0.007895688829365977,0.03226688693060242,-0.004633672316767035
2014-07-31,-0.06701868361781471,0.05753241739427328,0.012365113208116618,-0.031053945781856385,-0.06682576791550587,-0.06946374243109477,-0.03798152258702536,-0.04297955478329085,-0.09323306416055399,0.028731301237380213,-0.007807264026992056,-0.060876982499692645,-0.004598076368285131,0.014771864298206872,-0.02822211489759363
2014-08-31,0.08258044994411251,0.011858912689118872,0.005852148773523025,0.07100164073691584,0.06649615978410384,0.039850243261819296,0.052794220898967126,0.038267170048792876,0.2993366111998843,0.0775085237197175,0.05508173154263818,0.033190568183924185,0.056793683518210125,0.05666753927739898,0.04543390870269137
2014-09-30,-0.09205116843888161,-0.02342147999756161,-0.057998770689177026,-0.060230197814643005,-0.18225419102119078,-0.015473176640479203,0.06045368013147634,-0.037691224297085046,-0.01467775971862284,-0.01707297831832988,0.06293098041254841,0.005851604670696009,-0.0019517046014362327,-0.06924974995669164,-0.11842475463349855
2014-10-31,0.031834710094732266,0.04357641577642202,0.1254236963543538,-0.006763118993781458,-0.17888566514971393,0.029239711418817205,-0.0004977793064208091,0.013441252671776649,0.22020729693052132,0.0719606082715245,0.0064514965544226754,-0.01607986909158765,0.05670545087251444,0.03819214298374973,0.12455151366833772
2014-11-30,-0.007987370542788863,0.06545313756853144,0.03518056223622201,0.13983983519748855,-0.003571425226269853,0.017755729701170342,0.10641931987136433,0.050770071579429255,0.14012735500354023,0.10597846367587205,-0.006992869206680963,0.0754652063750636,0.05523678150232003,0.06313644652004036,0.06132017487845065
2014-12-31,-0.09015930231541147,0.020998102320475054,0.04140537598944394,0.002564827227892641,-0.043010712257996575,0.031053819909386604,0.0264947173566088,-0.013300805549328332,0.23277467907615423,-0.07189087718023301,0.0529523290143481,0.02530004508202799,0.03081417704915479,-0.018199194254787998,-0.0031527727942514128
2015-01-31,-0.11913353851531627,-0.04900529946697252,0.09894028495641383,-0.025874030580476437,-0.03745323602760009,-0.019120219041594222,-0.030223158282610574,-0.03535075381989217,0.0200151320169073,0.061424159996631866,-0.15315811549181246,-0.04779314655361977,-0.006547703299455199,-0.0162195345250572,-0.05486799217948324
2015-02-28,0.036638549480584315,0.04324640885593989,-0.016509520054309612,0.10034724134380402,0.2101167221322302,0.020527853453738976,0.00649518393867865,0.12790534110944862,-0.13069236048620514,0.100776655217937,0.043564496458945445,0.11449247492598369,0.015891074564287733,0.06569980379394758,0.1507829781679184
2015-03-31,-0.03461986763633906,-0.009495125804848459,0.030020415881341966,-0.010363955932839342,-0.13826361506207507,0.04124408356533893,0.087520184148143,-0.06523383226616652,0.026831391839764462,-0.03137177858312512,-0.023521581621747112,-0.04224795201198861,0.008073768066890308,0.025822975330707765,0.011415524555397294
2015-04-30,0.09459040486151049,-0.12059517713737555,-0.05773142725373426,0.029000897926933167,-0.15671644247462468,-0.014934963949615465,-0.08089486163686865,0.028671829147794314,0.25217751015301193,0.00578629131754993,0.03508787948304448,0.004216691012501439,-0.021216249873954207,-0.026647080603915185,0.04088296682486292
2015-05-31,-0.01795577780653279,-0.041310758043907825,0.003788426066462236,-0.030040998342478087,0.008849549119871458,0.0529003764218956,0.05914830556493755,0.03983695604200732,0.04604171464258067,0.04533906936639642,0.03578144887500723,0.05185488619156331,-0.02927025417880902,0.03681271897625327,0.05103103771889628
2015-06-30,-0.005860640586149324,0.016960977114452325,-0.048592969576249145,-0.07601054143704489,0.052631633983975634,0.04805130098499255,0.06604782356423877,0.024276215542318846,0.05478155331743073,-0.03722738508510015,0.03460909593048034,-0.015214448491862043,-0.03639323948754247,0.02516851532325326,-0.021729076249116908
2015-07-31,-0.06441810522263358,0.12437917944731147,0.06002771990128508,0.04813273596650203,-0.19583338714307996,0.06571088590563368,0.07896346567940582,0.012097218882812122,-0.1828280338895355,-0.03292676815912343,0.05052881698442779,0.01392036031896482,0.06289517671412925,0.03189394706534632,-0.08238342214922356
2015-08-31,-0.02785184525996587,-0.03877439428087259,-0.0724842870447373,0.10826729874376562,-0.0621761699635448,-0.04316141815016061,-0.07090796371952313,-0.041712382705849205,-0.1403379791031103,-0.06619619841477797,-0.08612993643649047,-0.0727394514252998,-0.15030910082585125,-0.05894851791619238,-0.029723875372632547
2015-09-30,-0.14495030575386392,0.011011465125269071,-0.00664965979017218,0.027925225782300167,-0.04972371105774864,0.07601051813639992,0.009546920724858854,0.04645540969907058,-0.05854696385549829,-0.021816028615695204,-0.0434418183795392,-0.051690905325551095,-0.000686361274754077,-0.005191863345313852,0.006885707514525663
2015-10-31,0.12921886185281828,0.023605899822969123,0.059879408921396315,0.09373391897268668,0.23255805249727524,0.019327632187734034,0.0881288752039675,0.07832646978585367,0.06264181197248675,0.08340881491864116,0.07702205307039423,0.05638450130280548,0.06250008547197616,0.08134783547306657,0.09402969998752853
2015-11-30,-0.004658561219532786,-0.028106019558682638,0.026186831505091046,-0.0316934786142109,0.11320755777939628,-0.0323140305481483,-0.06002957374985374,0.03158126896807145,-0.20119603225855343,-0.0058044227513476265,0.03873652819196893,0.01532518268386851,0.019078337287528946,-0.02203334936432122,0.059556605026271026
2015-12-31,-0.0645562163499892,-0.07365269422833698,-0.010482419017714295,-0.026175276269100323,0.21610170048018107,-0.037532784120603346,0.07817124887510629,0.02711571596062501,-0.07540105828265597,-0.11022815406430142,-0.031705135595680556,-0.026704539662777527,-0.010675341720668419,-0.007617198706645345,-0.02446512555873659
2016-01-31,-0.0727006163494488,0.04434025290995214,-0.12372711449153395,-0.08539485812557379,-0.23344943017126596,-0.03154126712381944,-0.11655635769645445,-0.05120294936109304,-0.10989013716582785,-0.07524225888085001,-0.15983366381254993,-0.04416274764587891,-0.023997372224885627,-0.046594568201013487,-0.24250543462624696
2016-02-29,0.08772490452640658,0.0781226950833751,-0.00025300585945875476,0.03225057638757867,-0.027272700672307915,0.005773607455269003,0.0031524754719427506,-0.04465382980123944,0.25925917663640496,-0.001287634979950547,-0.11456839053626522,0.08493708269786948,0.052626237491588235,-0.058623490817735435,0.03189789352922223
2016-03-31,0.13057603154522912,0.0695113622307495,0.1584707039440627,0.04850923058202983,0.33177559108586396,0.046511559933876345,0.10029179765605933,0.1015854535627927,0.012899897359444079,0.12721050979754156,0.08398114172219717,0.09612769047990932,0.061613805632625196,0.0775717020213118,0.12507511226180212
2016-04-30,0.02531784808084847,-0.043917372136153765,0.0226646686536478,-0.0722894352856237,0.2456140600376484,-0.008579401869187375,-0.07049452679971324,0.004477592273782305,-0.06979108458766048,-0.13992099544660197,0.0769232808282021,0.00960875470141942,-0.034436590983984994,0.014643388911247168,-0.018528514854322498
2016-05-31,-0.06703550568835381,0.05650244147009209,0.04249584996586786,0.10825853681895126,0.2873240093086673,0.030784422141482137,-0.019959006022168824,0.055720653067094394,0.22508217737318414,0.07177295811345519,0.01579647725519595,0.03947838794825542,0.03781688211975509,-0.018398129676177266,-0.07319211385171487
2016-06-30,0.045511157347177145,-0.00402392690978759,0.07700948209184166,-0.058270664397417904,0.12472640556094361,-0.009083416371615693,-0.07415185601139429,-0.036996081833864936,0.11220376519302877,-0.04265993081929764,-0.09972874025278755,-0.000366158202745992,0.04123222429683593,0.01851853596112174,-0.07886987105546961
2016-07-31,0.10219285748170348,-0.06235708192610023,0.08481506955112716,0.07110766793607448,0.3346304108378966,0.008749968240893136,0.057013515248307556,0.021609767982460504,0.16398714072867926,0.09006289858670846,0.09193685458613277,-0.016837938738782365,-0.023158883754275217,-0.0153167976820765,0.08338649644583374
2016-08-31,-0.009787191315717925,0.0033333542397167015,-0.0196802040400188,0.042563390208637086,0.0787171940733451,0.11441555702074102,0.030664761235896787,0.04547309340371575,-0.06491710014502705,0.02365183394826298,0.11905568978962089,0.03997386650509327,0.014117956061302062,0.06412260170548034,0.04645562276023374
2016-09-30,0.08322109020792579,0.014981346917754879,-0.00491609496549783,0.024187938390952457,-0.06621624887033095,-0.020756040469163906,0.021339063530710023,0.060893397572076235,0.05649928696292683,0.06550428811508113,-0.03035946103227538,0.010237902007594446,0.0031907487404772006,-0.026080511337141066,0.009340471762369518
2016-10-31,-0.05151808316704387,-0.033210492653201085,-0.008826113311183104,-0.017930907827541143,0.046309721957696004,-0.01627560793713667,0.0057352601193569885,-0.009489577764961399,-0.21775607538193642,0.0043342222146613985,0.05431309459323197,-0.011748679540686813,-0.018502449179719993,-0.013605465154155616,-0.08763322107604987
2016-11-30,0.14497976037589155,0.09879634866604703,0.016510413722582884,0.14448573838251977,0.23236512087228345,0.06092091363118013,0.054245224836316774,-0.043716905257625616,0.2167113745907574,-0.021600952043718036,0.2847489521616611,0.029504565593831966,0.03446558150567203,0.029337715927110875,-0.012152680386593229
2016-12-31,-0.02951034237757877,-0.015460185498038181,0.02178847150315466,0.016588436008156293,0.27272731164878405,0.04315762680337221,0.012643391517072944,0.0013617293354049043,-0.10980535517381806,0.04795528089912793,0.04640176720822908,-0.022524054259163928,0.060068605849122436,-0.016377761730508644,0.05234386131420821
2017-01-31,0.04004472877566201,0.03821981960396603,-0.0027892201174709585,-0.01113473189869263,-0.08553794126779146,0.02387298518034453,0.06377273586488652,0.10131132214039251,0.030528043651216086,0.04774676182437987,0.024433874470065176,0.01343986065882663,0.01470613820186717,0.008325270734626855,0.04023757863390265
2017-02-28,0.010453613959159558,0.05666622267629595,0.07661036626053153,0.14654323834763128,0.3944069621720525,0.07040178949378029,0.016658999795285734,0.04374668552325378,0.02762211956373184,0.13377743129395459,0.09010648713574843,0.02617583934603429,0.0974490414464646,0.1447565911512605,0.0910966200848573
2017-03-31,-0.040347642010623685,-0.03290860488930614,-0.06667404845984592,-0.020203712583024447,0.006224076926034661,0.0021148793665479726,0.05290440994658718,0.09962826525073076,-0.1121931886329155,0.04868984711311408,-0.041251991201491256,0.026286094478843003,-0.008155270355378441,0.001030354141537071,0.05727054416409105
2017-04-30,0.1115717853991176,-0.059386276557567785,0.018005962678195653,0.023912678514007357,-0.08591065179476587,0.023214069034233065,0.048548648931018734,0.02774149292934025,0.07854317403555444,-6.950609744527103e-05,-0.010597431645595345,0.012725275881771303,-0.002454118770500835,0.030785073743553992,-0.0011182976219442642
2017-05-31,0.030999451538030298,-0.07205940511512743,0.03706325038529945,0.021290947683558548,-0.15864666015730178,0.0028875631367428767,0.04397887011868673,0.06071478079610615,-0.02318957268484312,0.06780722515801729,-0.036692517608271746,0.09237337641372001,0.06212320177783481,0.1467864708732498,0.09778435268883845
2017-06-30,0.01925448918119521,0.024921710891633975,0.03983614102238309,0.03904949820794501,0.11528150225443001,-0.04071985435697123,0.02341194961755666,-0.0029606525245895465,0.04706368804642147,-0.05721395591655776,0.08255265328199735,0.01558316552205441,0.028731335887183018,-0.03680837060461306,-0.0036375296588423423
2017-07-31,0.06804865961565332,-0.04470014152632007,0.006474750699822618,0.014392877014280936,0.09054488428598373,0.04255542028492654,0.018453522569901848,0.03570420648041095,-0.021877456261475192,0.03270403325175608,-0.005770739378556877,0.04202285707682707,0.028946044369947854,0.0646778659339573,0.03160294864001045
2017-08-31,0.03106626594944517,0.08332432458101624,0.00049492771264803,0.0024810985995489254,-0.044819961209769166,0.0008225669558366011,0.04656160931160547,0.059184912579922644,-0.11712082351541342,0.10699918744399173,-0.004469633072272106,0.007165087093865541,-0.0014187444803638316,-0.00563485689187837,0.06946385365104835
2017-09-30,0.0614522883437254,0.07744600295902093,-0.012062503807102498,0.040681027086898025,-0.019230769230769273,0.01191695433878337,-0.07066792438599112,-0.03854093094345845,0.04421930134985108,-0.0602437166263996,0.06069502597067933,0.04987083296485628,0.015580082225136183,-0.04727529592478297,0.0207469011667325
2017-10-31,0.09542126553050778,0.03193159198942164,0.041943489386006005,0.06060611982610098,-0.13803923363779103,0.011573666938666571,0.028186414515362745,0.17415211329840652,0.013233314338373381,0.09680740610916483,0.08089957062259723,-0.01580524819254636,0.02121626495515616,0.11390860404587277,0.009959372800430355
2017-11-30,0.039396248375195064,0.10339992945126686,0.025007975047930175,0.0033154717099559416,-0.009099129197273514,-0.04967885954206375,-0.00461155281399428,0.036024191748511125,0.08315193315228608,0.02027816799872939,0.03286045787115399,-0.022380555137070268,0.09778295101070889,0.08397333892000014,0.05637947234083307
2017-12-31,0.11640120809445431,0.033701752156921616,0.03487961629748182,-0.007427399589050476,-0.05601474665935957,-0.041398264789969774,0.01112138922627226,-0.03433071959900502,0.06511257612050025,-0.015246037044887806,0.04792326986938278,-0.04435847958973416,0.01996842585477232,-0.004048897318514211,-0.03313086853732827
2018-01-31,0.03779346060958999,0.026602193383453487,-0.006815192505497669,0.07626963361253702,0.3365758879399252,0.0018728744456155688,0.07895135821538224,0.13992232506879465,-0.00150946851046585,-0.010636464086489883,0.08401078393395944,0.06367123089543036,-0.05672778955347013,0.09526389259069412,0.11847219011565224
2018-02-28,-0.05006766316183653,0.02077415426835949,-0.0646876292894536,-0.021995603252851992,-0.11863174247405883,-0.029689891534526502,-0.059551022708950296,0.0469063407771364,0.31632664535856847,0.06818502873131105,0.0031250984216542044,-0.013012384751360462,-0.06591091363964319,-0.010578357684152828,-0.03520507206588652
2018-03-31,-0.046885880189235785,0.008719147577544106,0.03716329243332783,-0.03592479111225422,-0.17010731002015633,-0.030031722204677203,-0.01987755398682467,0.033232901955588146,0.1286247288750335,-0.058050860149565175,-0.06222637731608427,7.096465936839991e-05,0.032691132753613905,-0.02032011973484016,-0.06963759398241076
2018-04-30,-0.01555978899163013,-0.017927714199127864,-0.0025617613032717923,0.013938057287322225,0.08258705551779344,-0.06379254584672667,-0.03842636822367751,0.0255461135953563,0.06792159948280818,-0.015019983217874344,-0.002334194924332955,0.01807320814237423,0.03185629511310495,0.0317186874929154,-0.004589832716227704
2018-05-31,0.05229990265350404,-0.04976815002533019,0.0028091728529626714,0.1258275034044496,0.2619484740641347,-0.020965929435343367,-0.004674985442295054,0.12490971080050928,0.5169128394369551,0.13512436856983112,-0.02544617626073753,-0.018249233300852152,-0.03967944793302414,0.0070518332538900275,0.15548004721663267
2018-06-30,-0.10690530411883148,-0.0383908382407806,0.017588389816410865,0.009244362097383663,0.09176986678009813,0.011854696304187229,-0.07980087273655723,-0.021943201410017932,-0.007851758756341587,-0.009418210067797639,-0.02926974633521917,-0.019303848293407255,-0.023641743233807744,0.06990165485688271,-0.06020521993116523
2018-07-31,0.06642343459746192,0.10243819259893105,0.010065866235762222,0.04084647025993959,0.22281522372156415,0.15495085771950579,0.03367668107684896,0.003568332414171982,0.07518201926331547,0.027983410844862666,0.09542350657042498,0.04943946713092506,0.04218286086301837,-0.030428223767549167,0.0702826425346268
2018-08-31,-0.0344226478759313,0.041743674965820876,0.007140431776955669,0.04381603187776273,0.37315876601514697,0.00032726144980244065,0.04643779898927303,0.0769577311324956,0.004857968932314938,0.20042192360839994,0.0016194350713081285,0.016838593102217914,0.062153727406349724,0.10125527208856022,-0.10257978038938098
2018-09-30,0.09823538224085393,0.024028487774942153,-0.012443787586998267,0.015531927810824131,0.22725464028670395,-0.024860977430481213,0.03707912563321458,0.024439308575542107,0.0024904506830520923,-0.00830290120701016,-0.042922573068151504,0.056471889404994924,-0.018593938925953624,0.003763829252193762,-0.04669920375309544
2018-10-31,-0.19933623450418314,-0.09078852327338127,-0.028300971618858584,0.012258340769879972,-0.41048884932723506,-0.04830591449100052,-0.121216833683229,-0.08960924840278728,-0.09805639419184886,-0.030477447568953542,-0.0665308609822014,0.018172959056093063,-0.030192344500444057,-0.19889645961423086,-0.08462462376136548
2018-11-30,0.1182821846094293,0.03706615997433271,0.01857153942484069,0.03317764532407108,0.16968700208352439,0.008812113198281013,0.08489753141479706,0.020874043772286077,-0.2956902080209015,-0.1811975119206718,0.03272756440599589,0.05717753122446534,-0.06338773714242418,0.08338349024564962,-0.0638019360218186
2018-12-31,-0.06338915718177285,-0.08384526147405735,-0.06646830594675657,-0.12548528979615237,-0.1333333452729183,-0.06638714822576874,-0.1822856607681307,-0.09825020509566562,0.006441195570142444,-0.11669832518809287,-0.1275459414761484,-0.11961745825240644,-0.07355097972518654,-0.11776324730228249,-0.14367186642410135
2019-01-31,0.054667875188785464,0.03187026935332171,0.14291903917151982,0.027390196879561346,0.3223185838586635,0.0984281795051074,0.16795142666482543,0.09538543717771764,0.16594281877790173,0.05515375536362099,0.15543841429325012,0.07756998557125949,0.06341544479281946,0.14978314884866273,0.28520380919761346
2019-02-28,0.03139087289539422,0.04741908780379922,0.03173647316342598,0.13104879573141015,-0.036050764697562965,0.11311745047100286,0.011721784499183485,0.05923651134662289,0.05528334840840521,0.044776698808959736,0.02664112981630562,0.0979322917466805,0.07982480624776622,0.07855179752892116,0.0532454393750319
2019-03-31,-0.013470329461710118,-0.03750819052560794,0.05625293201286197,0.026414084934564874,0.08457287348264253,-0.010713153817656251,-0.1218836857481862,0.015199962797619149,0.01077462375308369,0.09702562563103889,-0.05123791189348603,-0.004838642273489291,-0.0021192165256505024,0.030745866952066603,-0.04355686595212582
2019-04-30,0.03524330911062723,-0.06885844396927432,-0.0011924392952060714,0.09577671543576605,0.08268019847785801,0.045173190978394784,0.08162471658357306,0.0854066216356113,0.16706488105274708,0.05643577039907122,0.10837256227274672,0.057908276728640073,0.05181571761193959,0.07164356552397377,0.07812303927263575
2019-05-31,-0.14065417387053336,-0.016913793336292837,0.02823254359563654,-0.06520359395849806,-0.007962335144290567,0.019242272860768628,-0.057947905188925564,-0.06343995195683882,0.05165352408341528,-0.12421284374896835,-0.1301504812383938,-0.00038853216093792664,-0.030800870088780852,-0.08324822675027777,-0.2506736703073077
2019-06-30,0.13755086012073203,0.06585367501922401,-0.029348761144167512,0.1275902481637643,0.10798982153590764,0.076967792518847,-0.09064266051555048,0.08767072918087737,-0.03848457235403502,0.13051943562444657,0.09611638244222886,0.07169427395666705,0.06470522018074676,0.1410585366251742,0.26217989635203454
2019-07-31,-0.026464308835327355,-0.007350436678385863,0.03735224045833174,0.06450462146471381,0.0026341758806509574,0.04341957968494925,0.01460789401815532,0.01428810976509709,0.09359916246570732,0.07639420065428393,0.05793119251878265,-0.017089430606506917,0.056150981803951616,-0.008300030008007053,0.08437458005297138
2019-08-31,-0.09622565568752461,0.009076976027849515,0.023776526309528645,-0.020030765717234833,0.03284072167305485,0.020935683877819855,-0.056427469479484293,-0.04801571401088367,-0.14596980663364,-0.016461038649161375,-0.10332450244114244,0.029590553399416075,-0.04197067466027604,0.016935813923299792,-0.04852781476481016
2019-09-30,0.061428863109801,0.009531286740312783,0.034695629929751615,0.06701294809700231,-0.07821942550539285,0.06278476554240209,-0.008393865606397655,-0.02903240477348923,-0.05319330292601332,0.07296154853097514,0.0673301929544341,-0.00656897588133587,0.061431744132149246,0.07164989943205047,0.05110012043045242
2019-10-31,0.09954175815888266,-0.10780824167883507,0.03057661873922246,0.03789346561721829,0.17040360721144898,-0.005240598815819619,-0.01876006178746914,0.006081421450791824,-0.09950683044469777,0.11068429873222407,0.0719919059023928,0.00014249080843797834,-0.020794904896711097,-0.0054662392055062625,0.024365188338560495
2019-11-30,0.05029029493369919,0.01599671517217871,0.023748044653137068,0.0587448033597231,0.15384618843952236,0.005028813270964161,0.06323445926185634,0.11369771862074107,0.4433796501087819,0.0775544183547272,0.06555792809587002,0.0541002962761401,0.05099187522094173,0.15689307064511104,0.05077039349413526
2019-12-31,0.02038248904251372,0.024265437861594297,0.0006414244575090322,0.05768208902587202,0.1713920516717533,0.021920364642919132,0.12755106146517825,0.0655186859408643,-0.007046128061759638,0.09878363470081863,0.06279362379199593,0.02298496542301698,0.009878846083816839,0.010679654460833854,0.011610645811874987
2020-01-31,-0.10433782421101978,-0.07647036095770632,0.010026119752256424,-0.08674031216978917,0.024858250642742385,0.029610642905520068,-0.14361603628319275,0.0646736522474709,0.048171381524288126,0.05400996820493753,-0.06785917886554593,0.05954274488091782,0.05415751192733409,0.06573164472802051,-0.10719174725476432
2020-02-29,-0.05413019858531121,-0.04597063261907908,-0.06936288989001649,-0.12192384821364965,-0.03234043527156749,-0.0844655917445224,-0.22236340285839362,-0.01714421393208987,0.007290785129384858,-0.11470134139492527,-0.13189147069357676,-0.05561865991115278,-0.10773067815478043,-0.11715811505860618,-0.07643990506071907
2020-03-31,-0.06600112949245784,-0.03221489716119441,-0.09105118824102021,-0.18341783325455863,0.0,-0.29606732670634417,-0.6063956833039612,-0.07788596796220182,-0.08530445740235149,-0.06976163268911229,-0.25033478230094075,-0.20653845552754735,-0.1284561459551442,-0.04013378389991429,-0.3696069479745818
2020-04-30,0.012137618917862358,0.07099682685591269,0.1461400737395746,0.1879487620548448,0.15193491462098496,-0.15565700333246857,0.2072892578907679,0.11123688254261,0.027412781311701773,0.15537380924475586,0.13283108599840743,0.0489364588623753,0.10890662138805007,0.1262958024579206,0.4124695507915226
2020-05-31,0.032221902133273694,0.14428769418718157,-0.02145228898966134,0.0044871660133192215,0.02691353051801526,0.1743653542074064,-0.010062883726465133,0.09320209843290628,0.04469811636531906,0.08509440291739767,0.002910432151074671,0.1406147768288757,-0.03309636406355698,0.08085404466035606,0.08339317279464442
2020-06-30,0.053025962541538574,-0.01954849525255975,0.062449266273615134,0.04751640349435515,-0.022118933895620696,0.015237405030986473,0.043202053053617906,0.12599583726347796,0.29186411843279214,0.14738600444611039,-0.008472831362876354,-0.022086536055458406,-0.008383280150032868,0.030848095358049887,0.03410749498166066
2020-07-31,0.05830188869889019,0.18542908607222075,0.0942989551739466,0.0006025439743695404,0.47177341583114574,0.07329844178220646,-0.1546894001249186,0.020697916005047112,-0.1528584573508437,0.16513163074153736,0.04757877567195612,0.06778936418021031,-0.026807374279539165,0.06468307821121577,-0.0021817013981022537
2020-08-31,0.07096611529752117,0.048869015851689346,-0.05164744094444662,-0.019011857291043044,0.17293038017401874,0.02569110260374763,0.18731984195665374,0.15545104020899658,0.030674884349920495,0.216569292361253,0.03456623702014272,-0.025485093896397637,-0.008972098969365239,0.0914681362003611,0.107652768444785
2020-09-30,0.048064074171390025,0.04491936783934136,-0.043484287649701026,0.051737648012112336,-0.09722530126321838,-0.07260625409403398,-0.07888345104190075,-0.044722377369140975,0.05859006331916605,-0.10252624821114165,-0.05758318718752531,0.03155179155767884,0.012257898703427195,-0.03474823291336149,0.06456104715828537
2020-10-31,0.059398500616461014,-0.13465122868731572,-0.0530003922081318,0.025684030577941774,-0.08171724750346454,0.032820519924248615,-0.09683796030805059,-0.08835101282419056,0.09040799177001113,-0.06001224743880029,-0.016189448378247984,-0.10584474839733149,-0.05725495666982694,-0.06985916664622716,0.052465069181748314
2020-11-30,0.10531673144516085,0.06264858595380263,0.0805834677204238,0.06760990397205524,0.23070796301451169,0.06587223255241081,0.45733037831098367,0.07016326255635197,0.27087968151868314,0.09549332062021998,0.18818574640573682,0.11347214996021915,0.15926153036948976,0.11068765969666305,0.23017928879872174
2020-12-31,0.04856269668505786,0.0044608670209951296,0.09531550261140076,0.009962379315771708,-0.010252585150988924,0.12018627634134349,0.08408410128460608,0.045248383056930574,-0.02514124911074367,0.11457340040323305,0.08305802461099887,0.031138620221619284,0.074059550761705,0.0761403017815312,0.09764108370570823
2021-01-31,0.009849359572404737,-0.08852677361085992,-0.06233851396721046,-0.0009864170068327738,-0.06618689080165874,-0.12919317252000362,-0.13804246501300887,-0.08268016977370907,0.33975357298254094,-0.005501257467278919,-0.02177507894097641,-0.03652523300259758,-0.02501600496271228,-0.025920816361180488,0.025404965752923392
2021-02-28,0.1807048246287848,0.061827986200582385,-0.0444018480415318,0.1946701197682097,-0.013194736822412345,0.1404010744038251,0.43277985488417636,0.0019618205977194325,0.008101862825199646,-0.07971199183647382,0.17065775654644977,0.12117189023328634,-0.00541137016173554,-0.03775716078441638,0.12155680757822696
2021-03-31,0.07406885004196684,0.05620659033745268,0.03554133537847348,0.056472986021784966,-0.07111586775897039,0.07118934117002751,-0.007850433064398366,0.03415489640574809,-0.1394042332373462,0.007339551386603693,0.12020075051156653,0.010539691010677865,0.0858211914174205,-0.004193650009486682,-0.07968501557141949
2021-04-30,-0.011769013361105696,0.017290335969462278,0.10225202872850447,0.07589741929347782,0.03974525791824246,0.034923122604442636,0.05350407384931688,0.06935650453196018,0.06452747198117947,0.07621790430229258,0.047557380291552764,0.09502881410093833,0.1035684508372563,0.07686419569788061,0.043437315143469046
2021-05-31,0.056858469926148514,-0.0006182326149568595,-0.015681743388862857,-0.07018107173465826,-0.01886793511032847,0.004532860943536887,0.0572246220980126,-0.0073966435706659395,-0.07268652614007387,-0.05049716423986572,0.04589195422599768,0.0076757142130414735,0.07736594643952066,-0.07580813034809786,0.045381880651857553
2021-06-30,-0.09727041562499406,-0.029349212621722742,0.026882053004126938,0.05579743760855793,0.17295202494301298,-0.0238155196061256,-0.10825436107594344,0.16064852002322239,0.2575574909813705,0.09910920766168396,-0.02327063844150601,-0.05766261035906661,-0.03953332537276433,0.026987024475650045,0.0459380650593304
2021-07-31,-0.04489500662717516,-0.048040977705853694,0.10662853416482831,0.04981408318504754,0.13052275201105168,0.0015407969678566946,-0.1786798513946799,0.06145411743420559,0.05214932727124433,0.06498247894329512,-0.06960947639843229,0.09119510378144269,-0.0029899086741153047,0.06166079077687847,0.060509783014454976
2021-08-31,0.019927316289384267,0.009980915060674445,0.024982589416093104,0.09636390387299909,0.0426593716465582,0.053846164132504315,0.11501153879868742,0.06767692517054358,-0.022309477797855415,0.04248921609080414,0.08837349765499547,0.10318026401612879,0.04637892774036456,-0.008413413058154462,-0.08786336904904957
2021-09-30,-0.08962866986591922,-0.0284197968694877,-0.06869431321450681,-0.09266720150454266,-0.07062860918178882,-0.07104620719401966,0.036039803696368944,-0.13255995161329337,-0.03766421635582484,-0.06803653061558879,0.02197669434388483,-0.0037997000162197647,-0.05891475636742893,-0.06817925920530676,-0.021157771003669112
2021-10-31,0.06858610161160583,0.11482770789006191,0.06840432511343564,0.02543654217762259,0.16841595310080026,0.0953378392719384,-0.11395443244252801,0.12964638790848237,0.02822535893506184,0.05865732162742043,0.12555951424076395,0.12128290021870147,-0.028591707580600145,0.1149360345489987,0.16056922852210476
2021-11-30,-0.052252283974137725,-0.01958972598142983,-0.019937268773702943,0.01711117917252558,0.3172252407498115,-0.034433174167680214,-0.2048736028628133,0.02996800337253136,-0.06206942104361257,0.10508176843772965,-0.06927583099418966,-0.07548783429209227,-0.11465681217427992,0.031350505387609306,-0.07253162895715548
2021-12-31,0.0692525325339528,0.14408891779728505,0.12017181814213207,0.08143224689771311,-0.09136832523102556,0.10079242029649849,0.14188421571657361,-0.15345223822308918,-0.0698500726055864,0.074228486638523,0.00526519051202512,0.01619508759536714,0.082137612425919,0.024624460662937997,0.028687188460454482
2022-01-31,-0.020324952078365044,-0.027687522050258928,-0.12612131717697173,-0.07681398519069305,-0.20604583150860545,0.04206971454192532,-0.015407622284315359,-0.0577716818443712,-0.10872616130075641,-0.01571211508373893,0.03708680479693993,-0.0785107254967361,0.025669359945417858,-0.15234838974733522,-0.1719914861598294
2022-02-28,-0.069358915936239,-0.07615861875037622,-0.027920345061543728,-0.08504925300379984,0.0795623311850382,0.017055254521038954,0.02624939282091665,-0.12468649941837828,0.002286910176292345,-0.05406578447930721,-0.04204580992872886,0.056793191214812744,0.02118956324626753,-0.046528063497671024,-0.05227704857172577
2022-03-31,0.18786640941215582,0.1200722064348625,0.06863052368854383,0.037283860911723865,-0.11350738134973604,0.02780719427891154,-0.005410753111872557,-0.025786857995771295,-0.017967944901682298,0.057473186776635155,-0.06286098005975327,0.11463723719358221,0.13198749433588786,-0.02017338133708768,-0.07516998743366132
2022-04-30,-0.050580400240986645,-0.014483252239596789,-0.09485699119762736,-0.08781920651035069,-0.21785257447068018,-0.05679472162094945,-0.14441148246555102,-0.13096436405256728,-0.18536266297285708,-0.09713061489995134,-0.13440080673327326,-0.11403119362338598,-0.08641976330000067,-0.13209504883148848,-0.11118534508718547
2022-05-31,0.02522089479642342,0.022232651765264455,-0.08898769470886292,0.04417394344883174,0.19106647110246278,0.039194266965101976,-0.19768781927418877,0.05184997637672084,-0.09661316071952397,-0.05449616499798515,0.04260096784171674,-0.04277924419772183,0.08021169104062742,-0.05560599569838198,-0.0015037937952515623
2022-06-30,-0.1718324458575119,-0.061060126880496335,-0.11886686090949938,-0.07241246811875601,-0.24926368778234786,-0.041508596661247066,-0.3768011853594504,-0.12106226492917938,-0.08080112857230815,-0.0814298759194112,-0.1583523015541335,-0.02172899541546125,-0.06697787332178973,-0.08092638366444449,-0.16161519685798775
2022-07-31,0.1167535183391617,0.09203902743429482,0.14307413069851949,0.1521324149038208,0.23538642229191908,-0.02396132281790242,0.047398938632102317,0.12036277619092006,0.18267687675166133,0.18863384772538216,0.08609049546105862,0.08127352244858765,-0.07701415565625547,0.165907468185561,0.1776131104639882
2022-08-31,-0.06829768718010043,0.031165393447146528,-0.07467749876403951,-0.05710924515124194,-0.10161954430055886,0.02972977563885948,0.04415006622562556,-0.08943722108769736,0.05889824593860582,-0.031207908891080827,-0.005915349711947959,-0.04047565904440997,0.03728393154285703,-0.11000390070208266,-0.10925730909674924
2022-09-30,-0.11168855715261905,-0.1522007817922354,-0.07841406631371528,-0.08564735330396733,-0.2534464644764812,-0.003937005801312177,-0.25687101675896107,-0.2630676670740144,-0.00797052024977174,-0.12097690071477185,-0.09553758925140454,-0.040786566927406454,0.033444042136468566,-0.10712849688516068,-0.16290272044299647
2022-10-31,0.328061876030491,0.014640128348492043,0.03645047889422948,0.10718854001567824,-0.05208332079026845,0.26262623148288533,0.28876246788386517,0.15734006494300012,0.2565011010056695,0.10955115670989302,0.19337746627274677,0.05288442692213757,0.013811946842669398,-0.0024356937012447455,0.16442911086678058
2022-11-30,0.09216483983954427,0.02558354258189177,0.07095671025500416,0.09503085602320915,0.292540717255801,0.04191301848301432,0.09602647298728151,0.0829827085581829,0.26533275364484044,-0.033027411186348554,0.05022199507378078,0.0951721983517575,0.06743044522846664,0.14984625990638012,0.1712967884747636
2022-12-31,0.013324147601201375,-0.08081527887763251,-0.0559142347639614,-0.05332912142388235,-0.1656576203187402,0.047905149530203195,-0.1883182102808585,-0.02435275005029791,-0.0983535631341419,-0.12227259521945932,-0.11985114274462372,-0.026404468615651266,0.012696198944398995,-0.04998036398481798,-0.12693354408877477
2023-01-31,0.058161566483708294,0.09403670874289127,0.10345295224708262,0.09771553255135079,0.16025946303524585,0.025007992361583575,0.34243165403442677,0.10046651912528914,0.17784614637623752,0.11052110404557314,0.07125594774871535,0.06364704370424268,-0.05258125380207168,0.1025290342694003,0.21432405962773826
2023-02-28,-0.05049734573963427,-0.002096459815964846,-0.06818478123671345,0.035592093396324076,0.04564205236901575,0.08780110562678933,-0.018484271248252138,-0.1252632299767431,0.02491810814752493,0.023182975223551505,-0.03325819085764403,-0.04590830596019024,0.00923895045252987,0.1398483332653535,0.028207644749365324
2023-03-31,-0.04470886955461606,0.00023718784931348047,-0.153174910665291,-0.03719982143813949,0.24726393296541094,-0.030428566254327438,-0.044256146148165976,0.18959710015662457,0.12251015348219729,0.11864859916800219,-0.1607726767168013,0.03696768573603859,-0.1395403784894751,0.0961430909711547,-0.03517368748561456
2023-04-30,-0.03868344734799034,0.01509501690277304,-0.011227097100768302,-0.12981682922033577,-0.08815426182359576,0.10608511090538819,-0.09261079957748941,-0.02026623156330265,-0.06288636426871486,0.028987411801245866,0.023776140681080582,0.03327693817691624,0.04467110866837776,-0.056730694284097716,-0.0831625067120173
2023-05-31,-0.059643521185182236,-0.06275400613307192,-0.08632628171859646,0.015904569816546976,0.32270331712609934,-0.07153321290999981,0.2193267639221177,0.10655263069834309,-0.08447630622464575,0.046058337969638874,-0.05088788091145002,-0.05194040565381286,-0.06314794440308458,0.030803970745822973,-0.14369044032272205
2023-06-30,0.1958686948654409,0.004471288405761609,0.011409352974195652,0.06878652628767923,-0.03637590267884627,0.07388806052532138,0.6767587436567493,0.17042049889471578,0.011456074921594173,0.09432992013762886,0.04062383505915834,0.11972511941145236,0.013759769865871796,0.020643384379553043,0.15905987983184144
2023-07-31,0.08304495838393344,0.061791350692142366,0.10741043365828484,0.019455174982168533,0.004301622754951495,0.0379425828037403,0.0005310796028865639,0.11693489400135704,-0.047099234683184665,0.012785470955463785,0.11537111186144311,-0.07556895200922042,0.033382338354486896,0.035819231184683886,0.07248507974656859
2023-08-31,0.06018775753843686,-0.09146822424210876,-0.07431568126949206,0.13198234003818254,-0.07587412752972944,-0.010683483521195525,-0.1602972629142384,0.02411345251003838,0.14510843892397185,-0.04238384404069151,-0.09659634835463748,0.04675056512815812,-0.035161413133395825,-0.06790415250474735,-0.07343137338929295
2023-09-30,-0.0289190222201946,-0.04755063326573872,-0.12866504635526843,-0.0444707162898107,-0.027430963794871754,0.03708039721339329,-0.13274332922284826,-0.08838994276331213,-0.06537972819274618,-0.08867820561227846,-0.04499474737511444,-0.027505366046850166,0.033392191830461826,-0.06686112726405458,-0.02819123406983126
2023-10-31,-0.1676994916007969,-0.049924578593379065,-0.06963028807486438,-0.0067406710422763805,-0.042015169302141886,0.08744196758267364,-0.16472304554635842,0.04345950956533673,0.027639579115388946,-0.002570119656720049,-0.03798385187480813,-0.043805380264501426,0.15007624433005584,-0.06482936924455684,-0.11552895641270022
2023-11-30,0.10913513804112673,0.010243510935719513,0.1747020048478214,0.05531280102429337,0.23005079860009525,-0.03449458752253787,0.31413615789584504,0.14838554405386728,0.12411359451438742,0.11378034127882852,0.1667938957865891,0.061700037030107735,0.0830820512644792,0.054265704937824344,-0.05000000874930599
2023-12-31,0.17928372207334076,0.05289438883761921,0.17027228552513574,0.0779590391243572,0.2166556553861283,-0.11255836320160229,0.23107572370168739,-0.023583957626512553,0.12380907495373306,0.013582457793469782,0.10429636677403842,-0.11406739844216662,0.015304067296044499,0.23697853491483256,0.08305172847606235
2024-01-31,0.02039871395362014,-0.02662345575889491,-0.04630428628200356,-0.0026394368983305716,0.13757545807937377,0.1098694916821581,-0.10571741612913177,0.03550126479662685,-0.0358842933283654,-0.04222719790074314,0.010097994122002518,0.02757721201672325,0.10908722043167574,-0.0965884530393617,-0.09351314395337329
2024-02-29,0.11205080298217074,-0.11175542444925801,0.031679039853231616,0.08869167531322963,0.14813045486459542,0.06259850337169648,-0.0434258305393207,-0.09307520035156125,0.23412028479152203,-0.018543102038132142,0.02214562004630638,0.05884109624367806,0.027503997087700016,0.01933937441708422,-0.022623926298530828
2024-03-31,0.09722738441962409,0.02780780070995692,0.04419055316080445,0.03886921716216607,-0.06253567424541784,0.05537167114199826,0.030264849073219136,-0.09937891818709865,0.017926309832305698,-0.05128634002382704,0.098493610193084,0.05610955069829826,0.09085741355733346,0.03887239941468934,0.002012877926900858
2024-04-30,-0.08361874011065829,-0.06750719810735417,-0.10115580826819004,-0.054421741184120576,-0.12249986114155753,0.011899628585772204,-0.09302328296018636,-0.08277847607215671,0.002492964609831949,-0.006706303220531118,-0.0239979004526073,-0.15291578951630624,-0.01705098097211577,-0.06417789648654915,-0.10860014262609219
2024-05-31,0.01180620291986223,0.21647887527535747,0.027012974890702424,-0.07298300060816343,0.05379460001896019,0.09717760515361018,0.01754387545450764,-0.03904236400166605,-0.10198938296524496,0.13022230030802096,0.08051893011570099,-0.0013120116146216887,-0.009411902496103575,-0.022869959874758483,0.17267608642578125
2024-06-30,-0.01601085278795622,0.02739715668889997,-0.00595598755865101,0.0009838241155881722,-0.0281005833081458,-0.016954112173716562,0.24137927109179147,0.2490780776808068,0.04462660633864601,0.0955526091906782,0.0005472556837029519,0.04239447693821918,-0.04691978901669536,0.012757875688243603,-0.15421575351723238
2024-07-31,0.043560259993543626,0.010553808124145414,0.0027357129642797684,-0.025598607909229965,-0.10930281889207516,-0.050649236318170754,-0.11004271055035875,-0.007002112840004848,0.01960990933507678,0.054410801342971604,0.013578089669970872,0.11897951693481068,0.07177747478912067,-0.02447898947803262,-0.014626509600664805
2024-08-31,0.02859608207215847,0.16238067690753932,0.019438942592121977,0.03732334275335791,0.028239216166290326,0.1807266621610346,-0.009603832465638562,0.041257949285225415,0.2165260802658766,0.03235349005613952,0.010915279744211581,0.04845425587434238,0.10955715571378932,0.024838211981129232,0.030840170175411297
2024-09-30,0.09834319167034544,0.07278315870755847,0.003926334865261172,0.0029249860042164233,0.10446960505865421,-0.010699388950943578,0.11999997225674708,-0.09858802335489258,0.0948845241170142,0.017467227912305372,-0.019909208076242302,0.006604257102687416,0.003757810892841329,-0.008680257695120708,0.006710518175942148
2024-10-31,-0.03469102877600083,-0.06641295953389315,-0.0606315724484251,-0.16822804321443108,-0.12195267115756903,-0.11905614446624946,0.19047621996519304,-0.0766735688483785,0.059809793622208174,-0.030429130223674217,0.05393137033884843,0.06034856410629352,-0.01650406607218813,0.005586412930419282,-0.21080405297666627
2024-11-30,0.07950549958293629,0.02465064248416793,-0.011833267677694215,-0.06206990839159443,-0.04782407370141961,0.07468418019623835,0.1559091047807173,0.07917086505731463,0.5276505831703808,0.05170691257029425,0.13605931124461312,0.06921176071159096,0.11682654382666535,0.09578353388045469,-0.022875294912403588
2024-12-31,-0.10674446151067163,-0.015657335139149353,-0.1029244102074347,-0.010742963997769084,-0.11947800433982314,-0.08310169425277536,-0.020055061846697475,-0.13810013182306824,-0.08136517382933794,0.05515526360793621,-0.06978567952173997,-0.08269909632771921,-0.07039879524800441,-0.03921965050376597,0.08914102056103324
